grid_id,top_left_lat,top_left_lon,top_right_lat,top_right_lon,bottom_right_lat,bottom_right_lon,bottom_left_lat,bottom_left_lon
JB-A01,13.35,77.25,13.34975258,77.27768229,13.3226467,77.27742835,13.3228936,77.24974914
JB-B01,13.34975258,77.27768229,13.34950214,77.30536402,13.32239678,77.30510699,13.3226467,77.27742835
JB-C01,13.34950214,77.30536402,13.34924868,77.33304517,13.32214385,77.33278507,13.32239678,77.30510699
JB-D01,13.34924868,77.33304517,13.3489922,77.36072575,13.32188791,77.36046257,13.32214385,77.33278507
JB-E01,13.3489922,77.36072575,13.3487327,77.38840575,13.32162896,77.38813949,13.32188791,77.36046257
JB-F01,13.3487327,77.38840575,13.34847018,77.41608515,13.321367,77.41581581,13.32162896,77.38813949
JB-G01,13.34847018,77.41608515,13.34820465,77.44376396,13.32110202,77.44349154,13.321367,77.41581581
JB-H01,13.34820465,77.44376396,13.3479361,77.47144216,13.32083404,77.47116666,13.32110202,77.44349154
JB-I01,13.3479361,77.47144216,13.34766453,77.49911975,13.32056304,77.49884118,13.32083404,77.47116666
JB-J01,13.34766453,77.49911975,13.34738994,77.52679672,13.32028903,77.52651507,13.32056304,77.49884118
JB-K01,13.34738994,77.52679672,13.34711234,77.55447307,13.32001201,77.55418834,13.32028903,77.52651507
JB-L01,13.34711234,77.55447307,13.34683172,77.58214878,13.31973198,77.58186098,13.32001201,77.55418834
JB-M01,13.34683172,77.58214878,13.34654809,77.60982386,13.31944895,77.60953298,13.31973198,77.58186098
JB-N01,13.34654809,77.60982386,13.34626144,77.63749829,13.3191629,77.63720434,13.31944895,77.60953298
JB-O01,13.34626144,77.63749829,13.34597178,77.66517207,13.31887384,77.66487504,13.3191629,77.63720434
JB-P01,13.34597178,77.66517207,13.3456791,77.69284519,13.31858178,77.69254509,13.31887384,77.66487504
JB-Q01,13.3456791,77.69284519,13.3453834,77.72051764,13.31828671,77.72021446,13.31858178,77.69254509
JB-R01,13.3453834,77.72051764,13.34508469,77.74818942,13.31798862,77.74788317,13.31828671,77.72021446
JB-S01,13.34508469,77.74818942,13.34478297,77.77586052,13.31768754,77.7755512,13.31798862,77.74788317
JB-T01,13.34478297,77.77586052,13.34447823,77.80353094,13.31738344,77.80321854,13.31768754,77.7755512
JB-U01,13.34447823,77.80353094,13.34417048,77.83120066,13.31707634,77.83088519,13.31738344,77.80321854
JB-V01,13.34417048,77.83120066,13.34385972,77.85886968,13.31676623,77.85855114,13.31707634,77.83088519
JB-W01,13.34385972,77.85886968,13.34354594,77.886538,13.31645311,77.88621638,13.31676623,77.85855114
JB-X01,13.34354594,77.886538,13.34322916,77.9142056,13.31613699,77.91388091,13.31645311,77.88621638
JB-Y01,13.34322916,77.9142056,13.34290936,77.94187248,13.31581786,77.94154472,13.31613699,77.91388091
JB-Z01,13.34290936,77.94187248,13.34258655,77.96953864,13.31549573,77.9692078,13.31581786,77.94154472
JB-AA01,13.34258655,77.96953864,13.34226072,77.99720406,13.3151706,77.99687015,13.31549573,77.9692078
JB-AB01,13.34226072,77.99720406,13.34212884,78.00833023,13.31503899,78.00799509,13.3151706,77.99687015
JB-A02,13.3228936,77.24974914,13.3226467,77.27742835,13.29554075,77.27717497,13.29578713,77.24949883
JB-B02,13.3226467,77.27742835,13.32239678,77.30510699,13.29529136,77.30485054,13.29554075,77.27717497
JB-C02,13.32239678,77.30510699,13.32214385,77.33278507,13.29503897,77.33252555,13.29529136,77.30485054
JB-D02,13.32214385,77.33278507,13.32188791,77.36046257,13.29478357,77.36019998,13.29503897,77.33252555
JB-E02,13.32188791,77.36046257,13.32162896,77.38813949,13.29452516,77.38787382,13.29478357,77.36019998
JB-F02,13.32162896,77.38813949,13.321367,77.41581581,13.29426375,77.41554707,13.29452516,77.38787382
JB-G02,13.321367,77.41581581,13.32110202,77.44349154,13.29399933,77.44321973,13.29426375,77.41554707
JB-H02,13.32110202,77.44349154,13.32083404,77.47116666,13.29373191,77.47089178,13.29399933,77.44321973
JB-I02,13.32083404,77.47116666,13.32056304,77.49884118,13.29346148,77.49856323,13.29373191,77.47089178
JB-J02,13.32056304,77.49884118,13.32028903,77.52651507,13.29318805,77.52623405,13.29346148,77.49856323
JB-K02,13.32028903,77.52651507,13.32001201,77.55418834,13.29291162,77.55390425,13.29318805,77.52623405
JB-L02,13.32001201,77.55418834,13.31973198,77.58186098,13.29263218,77.58157382,13.29291162,77.55390425
JB-M02,13.31973198,77.58186098,13.31944895,77.60953298,13.29234974,77.60924275,13.29263218,77.58157382
JB-N02,13.31944895,77.60953298,13.3191629,77.63720434,13.29206429,77.63691104,13.29234974,77.60924275
JB-O02,13.3191629,77.63720434,13.31887384,77.66487504,13.29177585,77.66457867,13.29206429,77.63691104
JB-P02,13.31887384,77.66487504,13.31858178,77.69254509,13.2914844,77.69224565,13.29177585,77.66457867
JB-Q02,13.31858178,77.69254509,13.31828671,77.72021446,13.29118995,77.71991196,13.2914844,77.69224565
JB-R02,13.31828671,77.72021446,13.31798862,77.74788317,13.29089249,77.7475776,13.29118995,77.71991196
JB-S02,13.31798862,77.74788317,13.31768754,77.7755512,13.29059204,77.77524256,13.29089249,77.7475776
JB-T02,13.31768754,77.7755512,13.31738344,77.80321854,13.29028858,77.80290683,13.29059204,77.77524256
JB-U02,13.31738344,77.80321854,13.31707634,77.83088519,13.28998213,77.83057042,13.29028858,77.80290683
JB-V02,13.31707634,77.83088519,13.31676623,77.85855114,13.28967267,77.8582333,13.28998213,77.83057042
JB-W02,13.31676623,77.85855114,13.31645311,77.88621638,13.28936022,77.88589548,13.28967267,77.8582333
JB-X02,13.31645311,77.88621638,13.31613699,77.91388091,13.28904476,77.91355694,13.28936022,77.88589548
JB-Y02,13.31613699,77.91388091,13.31581786,77.94154472,13.28872631,77.94121769,13.28904476,77.91355694
JB-Z02,13.31581786,77.94154472,13.31549573,77.9692078,13.28840485,77.9688777,13.28872631,77.94121769
JB-AA02,13.31549573,77.9692078,13.3151706,77.99687015,13.2880804,77.99653699,13.28840485,77.9688777
JB-AB02,13.3151706,77.99687015,13.31503899,78.00799509,13.28794907,78.00766069,13.2880804,77.99653699
JB-A03,13.29578713,77.24949883,13.29554075,77.27717497,13.26843474,77.27692215,13.26868061,77.24924908
JB-B03,13.29554075,77.27717497,13.29529136,77.30485054,13.26818588,77.30459466,13.26843474,77.27692215
JB-C03,13.29529136,77.30485054,13.29503897,77.33252555,13.26793402,77.3322666,13.26818588,77.30459466
JB-D03,13.29503897,77.33252555,13.29478357,77.36019998,13.26767916,77.35993796,13.26793402,77.3322666
JB-E03,13.29478357,77.36019998,13.29452516,77.38787382,13.2674213,77.38760874,13.26767916,77.35993796
JB-F03,13.29452516,77.38787382,13.29426375,77.41554707,13.26716044,77.41527893,13.2674213,77.38760874
JB-G03,13.29426375,77.41554707,13.29399933,77.44321973,13.26689658,77.44294852,13.26716044,77.41527893
JB-H03,13.29399933,77.44321973,13.29373191,77.47089178,13.26662972,77.47061751,13.26689658,77.44294852
JB-I03,13.29373191,77.47089178,13.29346148,77.49856323,13.26635987,77.49828589,13.26662972,77.47061751
JB-J03,13.29346148,77.49856323,13.29318805,77.52623405,13.26608701,77.52595365,13.26635987,77.49828589
JB-K03,13.29318805,77.52623405,13.29291162,77.55390425,13.26581116,77.55362079,13.26608701,77.52595365
JB-L03,13.29291162,77.55390425,13.29263218,77.58157382,13.26553231,77.5812873,13.26581116,77.55362079
JB-M03,13.29263218,77.58157382,13.29234974,77.60924275,13.26525047,77.60895316,13.26553231,77.5812873
JB-N03,13.29234974,77.60924275,13.29206429,77.63691104,13.26496563,77.63661839,13.26525047,77.60895316
JB-O03,13.29206429,77.63691104,13.29177585,77.66457867,13.26467779,77.66428296,13.26496563,77.63661839
JB-P03,13.29177585,77.66457867,13.2914844,77.69224565,13.26438695,77.69194688,13.26467779,77.66428296
JB-Q03,13.2914844,77.69224565,13.29118995,77.71991196,13.26409312,77.71961013,13.26438695,77.69194688
JB-R03,13.29118995,77.71991196,13.29089249,77.7475776,13.2637963,77.74727271,13.26409312,77.71961013
JB-S03,13.29089249,77.7475776,13.29059204,77.77524256,13.26349648,77.77493461,13.2637963,77.74727271
JB-T03,13.29059204,77.77524256,13.29028858,77.80290683,13.26319366,77.80259582,13.26349648,77.77493461
JB-U03,13.29028858,77.80290683,13.28998213,77.83057042,13.26288785,77.83025634,13.26319366,77.80259582
JB-V03,13.28998213,77.83057042,13.28967267,77.8582333,13.26257905,77.85791617,13.26288785,77.83025634
JB-W03,13.28967267,77.8582333,13.28936022,77.88589548,13.26226725,77.88557528,13.26257905,77.85791617
JB-X03,13.28936022,77.88589548,13.28904476,77.91355694,13.26195246,77.91323369,13.26226725,77.88557528
JB-Y03,13.28904476,77.91355694,13.28872631,77.94121769,13.26163468,77.94089138,13.26195246,77.91323369
JB-Z03,13.28872631,77.94121769,13.28840485,77.9688777,13.26131391,77.96854834,13.26163468,77.94089138
JB-AA03,13.28840485,77.9688777,13.2880804,77.99653699,13.26099014,77.99620456,13.26131391,77.96854834
JB-AB03,13.2880804,77.99653699,13.28794907,78.00766069,13.26085908,78.00732704,13.26099014,77.99620456
JB-A04,13.26868061,77.24924908,13.26843474,77.27692215,13.24132867,77.2766699,13.24157402,77.24899989
JB-B04,13.26843474,77.27692215,13.26818588,77.30459466,13.24108034,77.30433935,13.24132867,77.2766699
JB-C04,13.26818588,77.30459466,13.26793402,77.3322666,13.24082901,77.33200823,13.24108034,77.30433935
JB-D04,13.26793402,77.3322666,13.26767916,77.35993796,13.24057469,77.35967653,13.24082901,77.33200823
JB-E04,13.26767916,77.35993796,13.2674213,77.38760874,13.24031737,77.38734425,13.24057469,77.35967653
JB-F04,13.2674213,77.38760874,13.26716044,77.41527893,13.24005706,77.41501139,13.24031737,77.38734425
JB-G04,13.26716044,77.41527893,13.26689658,77.44294852,13.23979376,77.44267792,13.24005706,77.41501139
JB-H04,13.26689658,77.44294852,13.26662972,77.47061751,13.23952747,77.47034385,13.23979376,77.44267792
JB-I04,13.26662972,77.47061751,13.26635987,77.49828589,13.23925818,77.49800917,13.23952747,77.47034385
JB-J04,13.26635987,77.49828589,13.26608701,77.52595365,13.23898591,77.52567388,13.23925818,77.49800917
JB-K04,13.26608701,77.52595365,13.26581116,77.55362079,13.23871064,77.55333796,13.23898591,77.52567388
JB-L04,13.26581116,77.55362079,13.26553231,77.5812873,13.23843238,77.58100141,13.23871064,77.55333796
JB-M04,13.26553231,77.5812873,13.26525047,77.60895316,13.23815113,77.60866422,13.23843238,77.58100141
JB-N04,13.26525047,77.60895316,13.26496563,77.63661839,13.23786689,77.63632639,13.23815113,77.60866422
JB-O04,13.26496563,77.63661839,13.26467779,77.66428296,13.23757966,77.66398791,13.23786689,77.63632639
JB-P04,13.26467779,77.66428296,13.26438695,77.69194688,13.23728944,77.69164877,13.23757966,77.66398791
JB-Q04,13.26438695,77.69194688,13.26409312,77.71961013,13.23699623,77.71930897,13.23728944,77.69164877
JB-R04,13.26409312,77.71961013,13.2637963,77.74727271,13.23670004,77.74696849,13.23699623,77.71930897
JB-S04,13.2637963,77.74727271,13.26349648,77.77493461,13.23640085,77.77462734,13.23670004,77.74696849
JB-T04,13.26349648,77.77493461,13.26319366,77.80259582,13.23609868,77.8022855,13.23640085,77.77462734
JB-U04,13.26319366,77.80259582,13.26288785,77.83025634,13.23579351,77.82994297,13.23609868,77.8022855
JB-V04,13.26288785,77.83025634,13.26257905,77.85791617,13.23548536,77.85759974,13.23579351,77.82994297
JB-W04,13.26257905,77.85791617,13.26226725,77.88557528,13.23517423,77.88525581,13.23548536,77.85759974
JB-X04,13.26226725,77.88557528,13.26195246,77.91323369,13.2348601,77.91291116,13.23517423,77.88525581
JB-Y04,13.26195246,77.91323369,13.26163468,77.94089138,13.23454299,77.94056579,13.2348601,77.91291116
JB-Z04,13.26163468,77.94089138,13.26131391,77.96854834,13.2342229,77.9682197,13.23454299,77.94056579
JB-AA04,13.26131391,77.96854834,13.26099014,77.99620456,13.23389981,77.99587288,13.2342229,77.9682197
JB-AB04,13.26099014,77.99620456,13.26085908,78.00732704,13.23376904,78.00699413,13.23389981,77.99587288
JB-A05,13.24157402,77.24899989,13.24132867,77.2766699,13.21422254,77.27641821,13.21446737,77.24875125
JB-B05,13.24132867,77.2766699,13.24108034,77.30433935,13.21397473,77.30408461,13.21422254,77.27641821
JB-C05,13.24108034,77.30433935,13.24082901,77.33200823,13.21372394,77.33175044,13.21397473,77.30408461
JB-D05,13.24082901,77.33200823,13.24057469,77.35967653,13.21347015,77.35941569,13.21372394,77.33175044
JB-E05,13.24057469,77.35967653,13.24031737,77.38734425,13.21321338,77.38708036,13.21347015,77.35941569
JB-F05,13.24031737,77.38734425,13.24005706,77.41501139,13.21295363,77.41474444,13.21321338,77.38708036
JB-G05,13.24005706,77.41501139,13.23979376,77.44267792,13.21269088,77.44240792,13.21295363,77.41474444
JB-H05,13.23979376,77.44267792,13.23952747,77.47034385,13.21242515,77.4700708,13.21269088,77.44240792
JB-I05,13.23952747,77.47034385,13.23925818,77.49800917,13.21215644,77.49773307,13.21242515,77.4700708
JB-J05,13.23925818,77.49800917,13.23898591,77.52567388,13.21188474,77.52539473,13.21215644,77.49773307
JB-K05,13.23898591,77.52567388,13.23871064,77.55333796,13.21161006,77.55305576,13.21188474,77.52539473
JB-L05,13.23871064,77.55333796,13.23843238,77.58100141,13.21133239,77.58071616,13.21161006,77.55305576
JB-M05,13.23843238,77.58100141,13.23815113,77.60866422,13.21105173,77.60837592,13.21133239,77.58071616
JB-N05,13.23815113,77.60866422,13.23786689,77.63632639,13.2107681,77.63603504,13.21105173,77.60837592
JB-O05,13.23786689,77.63632639,13.23757966,77.66398791,13.21048147,77.66369351,13.2107681,77.63603504
JB-P05,13.23757966,77.66398791,13.23728944,77.69164877,13.21019187,77.69135133,13.21048147,77.66369351
JB-Q05,13.23728944,77.69164877,13.23699623,77.71930897,13.20989928,77.71900848,13.21019187,77.69135133
JB-R05,13.23699623,77.71930897,13.23670004,77.74696849,13.20960371,77.74666495,13.20989928,77.71900848
JB-S05,13.23670004,77.74696849,13.23640085,77.77462734,13.20930516,77.77432075,13.20960371,77.74666495
JB-T05,13.23640085,77.77462734,13.23609868,77.8022855,13.20900363,77.80197587,13.20930516,77.77432075
JB-U05,13.23609868,77.8022855,13.23579351,77.82994297,13.20869911,77.82963029,13.20900363,77.80197587
JB-V05,13.23579351,77.82994297,13.23548536,77.85759974,13.20839161,77.85728402,13.20869911,77.82963029
JB-W05,13.23548536,77.85759974,13.23517423,77.88525581,13.20808114,77.88493704,13.20839161,77.85728402
JB-X05,13.23517423,77.88525581,13.2348601,77.91291116,13.20776768,77.91258935,13.20808114,77.88493704
JB-Y05,13.2348601,77.91291116,13.23454299,77.94056579,13.20745124,77.94024094,13.20776768,77.91258935
JB-Z05,13.23454299,77.94056579,13.2342229,77.9682197,13.20713182,77.9678918,13.20745124,77.94024094
JB-AA05,13.2342229,77.9682197,13.23389981,77.99587288,13.20680942,77.99554194,13.20713182,77.9678918
JB-AB05,13.23389981,77.99587288,13.23376904,78.00699413,13.20667892,78.00666196,13.20680942,77.99554194
JB-A06,13.21446737,77.24875125,13.21422254,77.27641821,13.18711635,77.27616708,13.18736065,77.24850317
JB-B06,13.21422254,77.27641821,13.21397473,77.30408461,13.18686907,77.30383043,13.18711635,77.27616708
JB-C06,13.21397473,77.30408461,13.21372394,77.33175044,13.1866188,77.33149322,13.18686907,77.30383043
JB-D06,13.21372394,77.33175044,13.21347015,77.35941569,13.18636556,77.35915542,13.1866188,77.33149322
JB-E06,13.21347015,77.35941569,13.21321338,77.38708036,13.18610933,77.38681705,13.18636556,77.35915542
JB-F06,13.21321338,77.38708036,13.21295363,77.41474444,13.18585013,77.41447808,13.18610933,77.38681705
JB-G06,13.21295363,77.41474444,13.21269088,77.44240792,13.18558794,77.44213852,13.18585013,77.41447808
JB-H06,13.21269088,77.44240792,13.21242515,77.4700708,13.18532278,77.46979836,13.18558794,77.44213852
JB-I06,13.21242515,77.4700708,13.21215644,77.49773307,13.18505463,77.49745759,13.18532278,77.46979836
JB-J06,13.21215644,77.49773307,13.21188474,77.52539473,13.18478351,77.5251162,13.18505463,77.49745759
JB-K06,13.21188474,77.52539473,13.21161006,77.55305576,13.18450941,77.55277419,13.18478351,77.5251162
JB-L06,13.21161006,77.55305576,13.21133239,77.58071616,13.18423233,77.58043155,13.18450941,77.55277419
JB-M06,13.21133239,77.58071616,13.21105173,77.60837592,13.18395227,77.60808827,13.18423233,77.58043155
JB-N06,13.21105173,77.60837592,13.2107681,77.63603504,13.18366924,77.63574435,13.18395227,77.60808827
JB-O06,13.2107681,77.63603504,13.21048147,77.66369351,13.18338322,77.66339978,13.18366924,77.63574435
JB-P06,13.21048147,77.66369351,13.21019187,77.69135133,13.18309423,77.69105455,13.18338322,77.66339978
JB-Q06,13.21019187,77.69135133,13.20989928,77.71900848,13.18280227,77.71870866,13.18309423,77.69105455
JB-R06,13.20989928,77.71900848,13.20960371,77.74666495,13.18250732,77.74636209,13.18280227,77.71870866
JB-S06,13.20960371,77.74666495,13.20930516,77.77432075,13.18220941,77.77401485,13.18250732,77.74636209
JB-T06,13.20930516,77.77432075,13.20900363,77.80197587,13.18190851,77.80166693,13.18220941,77.77401485
JB-U06,13.20900363,77.80197587,13.20869911,77.82963029,13.18160464,77.82931831,13.18190851,77.80166693
JB-V06,13.20869911,77.82963029,13.20839161,77.85728402,13.1812978,77.856969,13.18160464,77.82931831
JB-W06,13.20839161,77.85728402,13.20808114,77.88493704,13.18098798,77.88461898,13.1812978,77.856969
JB-X06,13.20808114,77.88493704,13.20776768,77.91258935,13.18067519,77.91226825,13.18098798,77.88461898
JB-Y06,13.20776768,77.91258935,13.20745124,77.94024094,13.18035942,77.93991681,13.18067519,77.91226825
JB-Z06,13.20745124,77.94024094,13.20713182,77.9678918,13.18004068,77.96756463,13.18035942,77.93991681
JB-AA06,13.20713182,77.9678918,13.20680942,77.99554194,13.17971896,77.99521173,13.18004068,77.96756463
JB-AB06,13.20680942,77.99554194,13.20667892,78.00666196,13.17958874,78.00633054,13.17971896,77.99521173
JB-A07,13.18736065,77.24850317,13.18711635,77.27616708,13.16001009,77.27591652,13.16025388,77.24825564
JB-B07,13.18711635,77.27616708,13.18686907,77.30383043,13.15976334,77.30357683,13.16001009,77.27591652
JB-C07,13.18686907,77.30383043,13.1866188,77.33149322,13.15951361,77.33123657,13.15976334,77.30357683
JB-D07,13.1866188,77.33149322,13.18636556,77.35915542,13.1592609,77.35889574,13.15951361,77.33123657
JB-E07,13.18636556,77.35915542,13.18610933,77.38681705,13.15900522,77.38655433,13.1592609,77.35889574
JB-F07,13.18610933,77.38681705,13.18585013,77.41447808,13.15874656,77.41421233,13.15900522,77.38655433
JB-G07,13.18585013,77.41447808,13.18558794,77.44213852,13.15848494,77.44186973,13.15874656,77.41421233
JB-H07,13.18558794,77.44213852,13.18532278,77.46979836,13.15822034,77.46952653,13.15848494,77.44186973
JB-I07,13.18532278,77.46979836,13.18505463,77.49745759,13.15795276,77.49718272,13.15822034,77.46952653
JB-J07,13.18505463,77.49745759,13.18478351,77.5251162,13.15768222,77.5248383,13.15795276,77.49718272
JB-K07,13.18478351,77.5251162,13.18450941,77.55277419,13.1574087,77.55249325,13.15768222,77.5248383
JB-L07,13.18450941,77.55277419,13.18423233,77.58043155,13.15713221,77.58014757,13.1574087,77.55249325
JB-M07,13.18423233,77.58043155,13.18395227,77.60808827,13.15685274,77.60780126,13.15713221,77.58014757
JB-N07,13.18395227,77.60808827,13.18366924,77.63574435,13.15657031,77.6354543,13.15685274,77.60780126
JB-O07,13.18366924,77.63574435,13.18338322,77.66339978,13.15628491,77.6631067,13.15657031,77.6354543
JB-P07,13.18338322,77.66339978,13.18309423,77.69105455,13.15599653,77.69075843,13.15628491,77.6631067
JB-Q07,13.18309423,77.69105455,13.18280227,77.71870866,13.15570519,77.71840951,13.15599653,77.69075843
JB-R07,13.18280227,77.71870866,13.18250732,77.74636209,13.15541087,77.74605991,13.15570519,77.71840951
JB-S07,13.18250732,77.74636209,13.18220941,77.77401485,13.15511359,77.77370964,13.15541087,77.74605991
JB-T07,13.18220941,77.77401485,13.18190851,77.80166693,13.15481333,77.80135868,13.15511359,77.77370964
JB-U07,13.18190851,77.80166693,13.18160464,77.82931831,13.15451011,77.82900703,13.15481333,77.80135868
JB-V07,13.18160464,77.82931831,13.1812978,77.856969,13.15420392,77.85665469,13.15451011,77.82900703
JB-W07,13.1812978,77.856969,13.18098798,77.88461898,13.15389476,77.88430164,13.15420392,77.85665469
JB-X07,13.18098798,77.88461898,13.18067519,77.91226825,13.15358263,77.91194788,13.15389476,77.88430164
JB-Y07,13.18067519,77.91226825,13.18035942,77.93991681,13.15326753,77.9395934,13.15358263,77.91194788
JB-Z07,13.18035942,77.93991681,13.18004068,77.96756463,13.15294947,77.9672382,13.15326753,77.9395934
JB-AA07,13.18004068,77.96756463,13.17971896,77.99521173,13.15262844,77.99488226,13.15294947,77.9672382
JB-AB07,13.17971896,77.99521173,13.17958874,78.00633054,13.1524985,78.00599985,13.15262844,77.99488226
JB-A08,13.16025388,77.24825564,13.16001009,77.27591652,13.13290378,77.27566651,13.13314704,77.24800867
JB-B08,13.16001009,77.27591652,13.15976334,77.30357683,13.13265755,77.30332379,13.13290378,77.27566651
JB-C08,13.15976334,77.30357683,13.15951361,77.33123657,13.13240835,77.3309805,13.13265755,77.30332379
JB-D08,13.15951361,77.33123657,13.1592609,77.35889574,13.13215618,77.35863664,13.13240835,77.3309805
JB-E08,13.1592609,77.35889574,13.15900522,77.38655433,13.13190104,77.3862922,13.13215618,77.35863664
JB-F08,13.15900522,77.38655433,13.15874656,77.41421233,13.13164294,77.41394716,13.13190104,77.3862922
JB-G08,13.15874656,77.41421233,13.15848494,77.44186973,13.13138187,77.44160154,13.13164294,77.41394716
JB-H08,13.15848494,77.44186973,13.15822034,77.46952653,13.13111783,77.46925531,13.13138187,77.44160154
JB-I08,13.15822034,77.46952653,13.15795276,77.49718272,13.13085083,77.49690847,13.13111783,77.46925531
JB-J08,13.15795276,77.49718272,13.15768222,77.5248383,13.13058086,77.52456101,13.13085083,77.49690847
JB-K08,13.15768222,77.5248383,13.1574087,77.55249325,13.13030792,77.55221294,13.13058086,77.52456101
JB-L08,13.1574087,77.55249325,13.15713221,77.58014757,13.13003202,77.57986423,13.13030792,77.55221294
JB-M08,13.15713221,77.58014757,13.15685274,77.60780126,13.12975316,77.60751489,13.13003202,77.57986423
JB-N08,13.15685274,77.60780126,13.15657031,77.6354543,13.12947132,77.63516491,13.12975316,77.60751489
JB-O08,13.15657031,77.6354543,13.15628491,77.6631067,13.12918653,77.66281427,13.12947132,77.63516491
JB-P08,13.15628491,77.6631067,13.15599653,77.69075843,13.12889877,77.69046298,13.12918653,77.66281427
JB-Q08,13.15599653,77.69075843,13.15570519,77.71840951,13.12860804,77.71811103,13.12889877,77.69046298
JB-R08,13.15570519,77.71840951,13.15541087,77.74605991,13.12831436,77.74575841,13.12860804,77.71811103
JB-S08,13.15541087,77.74605991,13.15511359,77.77370964,13.1280177,77.77340511,13.12831436,77.74575841
JB-T08,13.15511359,77.77370964,13.15481333,77.80135868,13.12771809,77.80105112,13.1280177,77.77340511
JB-U08,13.15481333,77.80135868,13.15451011,77.82900703,13.12741551,77.82869645,13.12771809,77.80105112
JB-V08,13.15451011,77.82900703,13.15420392,77.85665469,13.12710997,77.85634108,13.12741551,77.82869645
JB-W08,13.15420392,77.85665469,13.15389476,77.88430164,13.12680147,77.88398501,13.12710997,77.85634108
JB-X08,13.15389476,77.88430164,13.15358263,77.91194788,13.12649001,77.91162822,13.12680147,77.88398501
JB-Y08,13.15358263,77.91194788,13.15326753,77.9395934,13.12617559,77.93927072,13.12649001,77.91162822
JB-Z08,13.15326753,77.9395934,13.15294947,77.9672382,13.1258582,77.96691249,13.12617559,77.93927072
JB-AA08,13.15294947,77.9672382,13.15262844,77.99488226,13.12553785,77.99455353,13.1258582,77.96691249
JB-AB08,13.15262844,77.99488226,13.1524985,78.00599985,13.12540818,78.0056699,13.12553785,77.99455353
JB-A09,13.13314704,77.24800867,13.13290378,77.27566651,13.1057974,77.27541707,13.10604014,77.24776225
JB-B09,13.13290378,77.27566651,13.13265755,77.30332379,13.10555169,77.30307132,13.1057974,77.27541707
JB-C09,13.13265755,77.30332379,13.13240835,77.3309805,13.10530303,77.33072501,13.10555169,77.30307132
JB-D09,13.13240835,77.3309805,13.13215618,77.35863664,13.1050514,77.35837812,13.10530303,77.33072501
JB-E09,13.13215618,77.35863664,13.13190104,77.3862922,13.1047968,77.38603065,13.1050514,77.35837812
JB-F09,13.13190104,77.3862922,13.13164294,77.41394716,13.10453925,77.4136826,13.1047968,77.38603065
JB-G09,13.13164294,77.41394716,13.13138187,77.44160154,13.10427874,77.44133395,13.10453925,77.4136826
JB-H09,13.13138187,77.44160154,13.13111783,77.46925531,13.10401527,77.46898469,13.10427874,77.44133395
JB-I09,13.13111783,77.46925531,13.13085083,77.49690847,13.10374883,77.49663483,13.10401527,77.46898469
JB-J09,13.13085083,77.49690847,13.13058086,77.52456101,13.10347944,77.52428436,13.10374883,77.49663483
JB-K09,13.13058086,77.52456101,13.13030792,77.55221294,13.10320709,77.55193326,13.10347944,77.52428436
JB-L09,13.13030792,77.55221294,13.13003202,77.57986423,13.10293177,77.57958153,13.10320709,77.55193326
JB-M09,13.13003202,77.57986423,13.12975316,77.60751489,13.1026535,77.60722917,13.10293177,77.57958153
JB-N09,13.12975316,77.60751489,13.12947132,77.63516491,13.10237227,77.63487616,13.1026535,77.60722917
JB-O09,13.12947132,77.63516491,13.12918653,77.66281427,13.10208809,77.66252251,13.10237227,77.63487616
JB-P09,13.12918653,77.66281427,13.12889877,77.69046298,13.10180094,77.6901682,13.10208809,77.66252251
JB-Q09,13.12889877,77.69046298,13.12860804,77.71811103,13.10151084,77.71781322,13.10180094,77.6901682
JB-R09,13.12860804,77.71811103,13.12831436,77.74575841,13.10121778,77.74545758,13.10151084,77.71781322
JB-S09,13.12831436,77.74575841,13.1280177,77.77340511,13.10092176,77.77310126,13.10121778,77.74545758
JB-T09,13.1280177,77.77340511,13.12771809,77.80105112,13.10062278,77.80074426,13.10092176,77.77310126
JB-U09,13.12771809,77.80105112,13.12741551,77.82869645,13.10032085,77.82838656,13.10062278,77.80074426
JB-V09,13.12741551,77.82869645,13.12710997,77.85634108,13.10001596,77.85602818,13.10032085,77.82838656
JB-W09,13.12710997,77.85634108,13.12680147,77.88398501,13.09970812,77.88366908,13.10001596,77.85602818
JB-X09,13.12680147,77.88398501,13.12649001,77.91162822,13.09939732,77.91130928,13.09970812,77.88366908
JB-Y09,13.12649001,77.91162822,13.12617559,77.93927072,13.09908357,77.93894876,13.09939732,77.91130928
JB-Z09,13.12617559,77.93927072,13.1258582,77.96691249,13.09876686,77.96658752,13.09908357,77.93894876
JB-AA09,13.1258582,77.96691249,13.12553785,77.99455353,13.0984472,77.99422554,13.09876686,77.96658752
JB-AB09,13.12553785,77.99455353,13.12540818,78.0056699,13.09831781,78.0053407,13.0984472,77.99422554
JB-A10,13.10604014,77.24776225,13.1057974,77.27541707,13.07869096,77.27516818,13.07893318,77.24751639
JB-B10,13.1057974,77.27541707,13.10555169,77.30307132,13.07844578,77.30281942,13.07869096,77.27516818
JB-C10,13.10555169,77.30307132,13.10530303,77.33072501,13.07819764,77.33047009,13.07844578,77.30281942
JB-D10,13.10530303,77.33072501,13.1050514,77.35837812,13.07794655,77.35812019,13.07819764,77.33047009
JB-E10,13.1050514,77.35837812,13.1047968,77.38603065,13.0776925,77.3857697,13.07794655,77.35812019
JB-F10,13.1047968,77.38603065,13.10453925,77.4136826,13.0774355,77.41341863,13.0776925,77.3857697
JB-G10,13.10453925,77.4136826,13.10427874,77.44133395,13.07717555,77.44106696,13.0774355,77.41341863
JB-H10,13.10427874,77.44133395,13.10401527,77.46898469,13.07691264,77.46871469,13.07717555,77.44106696
JB-I10,13.10401527,77.46898469,13.10374883,77.49663483,13.07664677,77.49636181,13.07691264,77.46871469
JB-J10,13.10374883,77.49663483,13.10347944,77.52428436,13.07637796,77.52400832,13.07664677,77.49636181
JB-K10,13.10347944,77.52428436,13.10320709,77.55193326,13.07610619,77.5516542,13.07637796,77.52400832
JB-L10,13.10320709,77.55193326,13.10293177,77.57958153,13.07583146,77.57929946,13.07610619,77.5516542
JB-M10,13.10293177,77.57958153,13.1026535,77.60722917,13.07555379,77.60694408,13.07583146,77.57929946
JB-N10,13.1026535,77.60722917,13.10237227,77.63487616,13.07527316,77.63458806,13.07555379,77.60694408
JB-O10,13.10237227,77.63487616,13.10208809,77.66252251,13.07498958,77.6622314,13.07527316,77.63458806
JB-P10,13.10208809,77.66252251,13.10180094,77.6901682,13.07470305,77.68987407,13.07498958,77.6622314
JB-Q10,13.10180094,77.6901682,13.10151084,77.71781322,13.07441357,77.71751608,13.07470305,77.68987407
JB-R10,13.10151084,77.71781322,13.10121778,77.74545758,13.07412113,77.74515743,13.07441357,77.71751608
JB-S10,13.10121778,77.74545758,13.10092176,77.77310126,13.07382575,77.7727981,13.07412113,77.74515743
JB-T10,13.10092176,77.77310126,13.10062278,77.80074426,13.07352741,77.80043808,13.07382575,77.7727981
JB-U10,13.10062278,77.80074426,13.10032085,77.82838656,13.07322613,77.82807738,13.07352741,77.80043808
JB-V10,13.10032085,77.82838656,13.10001596,77.85602818,13.07292189,77.85571598,13.07322613,77.82807738
JB-W10,13.10001596,77.85602818,13.09970812,77.88366908,13.07261471,77.88335387,13.07292189,77.85571598
JB-X10,13.09970812,77.88366908,13.09939732,77.91130928,13.07230457,77.91099106,13.07261471,77.88335387
JB-Y10,13.09939732,77.91130928,13.09908357,77.93894876,13.07199149,77.93862753,13.07230457,77.91099106
JB-Z10,13.09908357,77.93894876,13.09876686,77.96658752,13.07167546,77.96626327,13.07199149,77.93862753
JB-AA10,13.09876686,77.96658752,13.0984472,77.99422554,13.07135649,77.99389829,13.07167546,77.96626327
JB-AB10,13.0984472,77.99422554,13.09831781,78.0053407,13.07122737,78.00501224,13.07135649,77.99389829
JB-A11,13.07893318,77.24751639,13.07869096,77.27516818,13.05158446,77.27491986,13.05182616,77.24727108
JB-B11,13.07869096,77.27516818,13.07844578,77.30281942,13.0513398,77.30256809,13.05158446,77.27491986
JB-C11,13.07844578,77.30281942,13.07819764,77.33047009,13.0510922,77.33021575,13.0513398,77.30256809
JB-D11,13.07819764,77.33047009,13.07794655,77.35812019,13.05084164,77.35786283,13.0510922,77.33021575
JB-E11,13.07794655,77.35812019,13.0776925,77.3857697,13.05058814,77.38550933,13.05084164,77.35786283
JB-F11,13.0776925,77.3857697,13.0774355,77.41341863,13.05033169,77.41315525,13.05058814,77.38550933
JB-G11,13.0774355,77.41341863,13.07717555,77.44106696,13.05007229,77.44080057,13.05033169,77.41315525
JB-H11,13.07717555,77.44106696,13.07691264,77.46871469,13.04980995,77.46844529,13.05007229,77.44080057
JB-I11,13.07691264,77.46871469,13.07664677,77.49636181,13.04954465,77.49608941,13.04980995,77.46844529
JB-J11,13.07664677,77.49636181,13.07637796,77.52400832,13.04927641,77.5237329,13.04954465,77.49608941
JB-K11,13.07637796,77.52400832,13.07610619,77.5516542,13.04900523,77.55137578,13.04927641,77.5237329
JB-L11,13.07610619,77.5516542,13.07583146,77.57929946,13.04873109,77.57901803,13.04900523,77.55137578
JB-M11,13.07583146,77.57929946,13.07555379,77.60694408,13.04845401,77.60665964,13.04873109,77.57901803
JB-N11,13.07555379,77.60694408,13.07527316,77.63458806,13.04817398,77.63430062,13.04845401,77.60665964
JB-O11,13.07527316,77.63458806,13.07498958,77.6622314,13.04789101,77.66194094,13.04817398,77.63430062
JB-P11,13.07498958,77.6622314,13.07470305,77.68987407,13.04760509,77.68958061,13.04789101,77.66194094
JB-Q11,13.07470305,77.68987407,13.07441357,77.71751608,13.04731623,77.71721961,13.04760509,77.68958061
JB-R11,13.07441357,77.71751608,13.07412113,77.74515743,13.04702442,77.74485795,13.04731623,77.71721961
JB-S11,13.07412113,77.74515743,13.07382575,77.7727981,13.04672967,77.77249561,13.04702442,77.74485795
JB-T11,13.07382575,77.7727981,13.07352741,77.80043808,13.04643198,77.80013259,13.04672967,77.77249561
JB-U11,13.07352741,77.80043808,13.07322613,77.82807738,13.04613134,77.82776888,13.04643198,77.80013259
JB-V11,13.07322613,77.82807738,13.07292189,77.85571598,13.04582775,77.85540448,13.04613134,77.82776888
JB-W11,13.07292189,77.85571598,13.07261471,77.88335387,13.04552123,77.88303937,13.04582775,77.85540448
JB-X11,13.07261471,77.88335387,13.07230457,77.91099106,13.04521176,77.91067355,13.04552123,77.88303937
JB-Y11,13.07230457,77.91099106,13.07199149,77.93862753,13.04489935,77.93830702,13.04521176,77.91067355
JB-Z11,13.07199149,77.93862753,13.07167546,77.96626327,13.044584,77.96593976,13.04489935,77.93830702
JB-AA11,13.07167546,77.96626327,13.07135649,77.99389829,13.0442657,77.99357177,13.044584,77.96593976
JB-AB11,13.07135649,77.99389829,13.07122737,78.00501224,13.04413686,78.00468451,13.0442657,77.99357177
JB-A12,13.05182616,77.24727108,13.05158446,77.27491986,13.02447789,77.2746721,13.02471908,77.24702632
JB-B12,13.05158446,77.27491986,13.0513398,77.30256809,13.02423376,77.30231732,13.02447789,77.2746721
JB-C12,13.0513398,77.30256809,13.0510922,77.33021575,13.02398669,77.32996197,13.02423376,77.30231732
JB-D12,13.0510922,77.33021575,13.05084164,77.35786283,13.02373668,77.35760605,13.02398669,77.32996197
JB-E12,13.05084164,77.35786283,13.05058814,77.38550933,13.02348372,77.38524955,13.02373668,77.35760605
JB-F12,13.05058814,77.38550933,13.05033169,77.41315525,13.02322782,77.41289247,13.02348372,77.38524955
JB-G12,13.05033169,77.41315525,13.05007229,77.44080057,13.02296898,77.44053479,13.02322782,77.41289247
JB-H12,13.05007229,77.44080057,13.04980995,77.46844529,13.0227072,77.4681765,13.02296898,77.44053479
JB-I12,13.04980995,77.46844529,13.04954465,77.49608941,13.02244247,77.49581761,13.0227072,77.4681765
JB-J12,13.04954465,77.49608941,13.04927641,77.5237329,13.02217481,77.52345811,13.02244247,77.49581761
JB-K12,13.04927641,77.5237329,13.04900523,77.55137578,13.0219042,77.55109798,13.02217481,77.52345811
JB-L12,13.04900523,77.55137578,13.04873109,77.57901803,13.02163066,77.57873723,13.0219042,77.55109798
JB-M12,13.04873109,77.57901803,13.04845401,77.60665964,13.02135417,77.60637584,13.02163066,77.57873723
JB-N12,13.04845401,77.60665964,13.04817398,77.63430062,13.02107474,77.63401382,13.02135417,77.60637584
JB-O12,13.04817398,77.63430062,13.04789101,77.66194094,13.02079238,77.66165114,13.02107474,77.63401382
JB-P12,13.04789101,77.66194094,13.04760509,77.68958061,13.02050708,77.68928781,13.02079238,77.66165114
JB-Q12,13.04760509,77.68958061,13.04731623,77.71721961,13.02021883,77.71692381,13.02050708,77.68928781
JB-R12,13.04731623,77.71721961,13.04702442,77.74485795,13.01992765,77.74455915,13.02021883,77.71692381
JB-S12,13.04702442,77.74485795,13.04672967,77.77249561,13.01963353,77.77219381,13.01992765,77.74455915
JB-T12,13.04672967,77.77249561,13.04643198,77.80013259,13.01933648,77.79982779,13.01963353,77.77219381
JB-U12,13.04643198,77.80013259,13.04613134,77.82776888,13.01903648,77.82746109,13.01933648,77.79982779
JB-V12,13.04613134,77.82776888,13.04582775,77.85540448,13.01873355,77.85509368,13.01903648,77.82746109
JB-W12,13.04582775,77.85540448,13.04552123,77.88303937,13.01842769,77.88272558,13.01873355,77.85509368
JB-X12,13.04552123,77.88303937,13.04521176,77.91067355,13.01811888,77.91035676,13.01842769,77.88272558
JB-Y12,13.04521176,77.91067355,13.04489935,77.93830702,13.01780714,77.93798723,13.01811888,77.91035676
JB-Z12,13.04489935,77.93830702,13.044584,77.96593976,13.01749247,77.96561698,13.01780714,77.93798723
JB-AA12,13.044584,77.96593976,13.0442657,77.99357177,13.01717486,77.99324599,13.01749247,77.96561698
JB-AB12,13.0442657,77.99357177,13.04413686,78.00468451,13.01704629,78.00435753,13.01717486,77.99324599
JB-A13,13.02471908,77.24702632,13.02447789,77.2746721,12.99737127,77.2744249,12.99761194,77.24678212
JB-B13,13.02447789,77.2746721,13.02423376,77.30231732,12.99712767,77.30206712,12.99737127,77.2744249
JB-C13,13.02423376,77.30231732,13.02398669,77.32996197,12.99688112,77.32970878,12.99712767,77.30206712
JB-D13,13.02398669,77.32996197,13.02373668,77.35760605,12.99663165,77.35734986,12.99688112,77.32970878
JB-E13,13.02373668,77.35760605,13.02348372,77.38524955,12.99637923,77.38499036,12.99663165,77.35734986
JB-F13,13.02348372,77.38524955,13.02322782,77.41289247,12.99612389,77.41263028,12.99637923,77.38499036
JB-G13,13.02322782,77.41289247,13.02296898,77.44053479,12.9958656,77.4402696,12.99612389,77.41263028
JB-H13,13.02296898,77.44053479,13.0227072,77.4681765,12.99560438,77.46790832,12.9958656,77.4402696
JB-I13,13.0227072,77.4681765,13.02244247,77.49581761,12.99534023,77.49554644,12.99560438,77.46790832
JB-J13,13.02244247,77.49581761,13.02217481,77.52345811,12.99507314,77.52318394,12.99534023,77.49554644
JB-K13,13.02217481,77.52345811,13.0219042,77.55109798,12.99480311,77.55082082,12.99507314,77.52318394
JB-L13,13.0219042,77.55109798,13.02163066,77.57873723,12.99453016,77.57845707,12.99480311,77.55082082
JB-M13,13.02163066,77.57873723,13.02135417,77.60637584,12.99425427,77.60609269,12.99453016,77.57845707
JB-N13,13.02135417,77.60637584,13.02107474,77.63401382,12.99397544,77.63372766,12.99425427,77.60609269
JB-O13,13.02107474,77.63401382,13.02079238,77.66165114,12.99369369,77.66136199,12.99397544,77.63372766
JB-P13,13.02079238,77.66165114,13.02050708,77.68928781,12.993409,77.68899567,12.99369369,77.66136199
JB-Q13,13.02050708,77.68928781,13.02021883,77.71692381,12.99312137,77.71662868,12.993409,77.68899567
JB-R13,13.02021883,77.71692381,13.01992765,77.74455915,12.99283082,77.74426103,12.99312137,77.71662868
JB-S13,13.01992765,77.74455915,13.01963353,77.77219381,12.99253733,77.7718927,12.99283082,77.74426103
JB-T13,13.01963353,77.77219381,13.01933648,77.79982779,12.99224092,77.79952369,12.99253733,77.7718927
JB-U13,13.01933648,77.79982779,13.01903648,77.82746109,12.99194157,77.82715399,12.99224092,77.79952369
JB-V13,13.01903648,77.82746109,13.01873355,77.85509368,12.99163929,77.85478359,12.99194157,77.82715399
JB-W13,13.01873355,77.85509368,13.01842769,77.88272558,12.99133408,77.88241249,12.99163929,77.85478359
JB-X13,13.01842769,77.88272558,13.01811888,77.91035676,12.99102594,77.91004069,12.99133408,77.88241249
JB-Y13,13.01811888,77.91035676,13.01780714,77.93798723,12.99071487,77.93766816,12.99102594,77.91004069
JB-Z13,13.01780714,77.93798723,13.01749247,77.96561698,12.99040087,77.96529492,12.99071487,77.93766816
JB-AA13,13.01749247,77.96561698,13.01717486,77.99324599,12.99008395,77.99292095,12.99040087,77.96529492
JB-AB13,13.01717486,77.99324599,13.01704629,78.00435753,12.98995566,78.00403128,12.99008395,77.99292095
JB-A14,12.99761194,77.24678212,12.99737127,77.2744249,12.97026458,77.27417826,12.97050473,77.24653846
JB-B14,12.99737127,77.2744249,12.99712767,77.30206712,12.97002151,77.30181749,12.97026458,77.27417826
JB-C14,12.99712767,77.30206712,12.99688112,77.32970878,12.9697755,77.32945615,12.97002151,77.30181749
JB-D14,12.99688112,77.32970878,12.99663165,77.35734986,12.96952656,77.35709424,12.9697755,77.32945615
JB-E14,12.99663165,77.35734986,12.99637923,77.38499036,12.96927469,77.38473176,12.96952656,77.35709424
JB-F14,12.99637923,77.38499036,12.99612389,77.41263028,12.96901989,77.41236868,12.96927469,77.38473176
JB-G14,12.99612389,77.41263028,12.9958656,77.4402696,12.96876216,77.44000501,12.96901989,77.41236868
JB-H14,12.9958656,77.4402696,12.99560438,77.46790832,12.96850151,77.46764075,12.96876216,77.44000501
JB-I14,12.99560438,77.46790832,12.99534023,77.49554644,12.96823792,77.49527587,12.96850151,77.46764075
JB-J14,12.99534023,77.49554644,12.99507314,77.52318394,12.96797141,77.52291038,12.96823792,77.49527587
JB-K14,12.99507314,77.52318394,12.99480311,77.55082082,12.96770197,77.55054428,12.96797141,77.52291038
JB-L14,12.99480311,77.55082082,12.99453016,77.57845707,12.9674296,77.57817754,12.96770197,77.55054428
JB-M14,12.99453016,77.57845707,12.99425427,77.60609269,12.9671543,77.60581017,12.9674296,77.57817754
JB-N14,12.99425427,77.60609269,12.99397544,77.63372766,12.96687608,77.63344216,12.9671543,77.60581017
JB-O14,12.99397544,77.63372766,12.99369369,77.66136199,12.96659493,77.6610735,12.96687608,77.63344216
JB-P14,12.99369369,77.66136199,12.993409,77.68899567,12.96631085,77.68870419,12.96659493,77.6610735
JB-Q14,12.993409,77.68899567,12.99312137,77.71662868,12.96602385,77.71633422,12.96631085,77.68870419
JB-R14,12.99312137,77.71662868,12.99283082,77.74426103,12.96573392,77.74396358,12.96602385,77.71633422
JB-S14,12.99283082,77.74426103,12.99253733,77.7718927,12.96544107,77.77159226,12.96573392,77.74396358
JB-T14,12.99253733,77.7718927,12.99224092,77.79952369,12.96514529,77.79922026,12.96544107,77.77159226
JB-U14,12.99224092,77.79952369,12.99194157,77.82715399,12.96484659,77.82684758,12.96514529,77.79922026
JB-V14,12.99194157,77.82715399,12.99163929,77.85478359,12.96454496,77.8544742,12.96484659,77.82684758
JB-W14,12.99163929,77.85478359,12.99133408,77.88241249,12.96424041,77.88210012,12.96454496,77.8544742
JB-X14,12.99133408,77.88241249,12.99102594,77.91004069,12.96393293,77.90972533,12.96424041,77.88210012
JB-Y14,12.99102594,77.91004069,12.99071487,77.93766816,12.96362254,77.93734982,12.96393293,77.90972533
JB-Z14,12.99071487,77.93766816,12.99040087,77.96529492,12.96330921,77.9649736,12.96362254,77.93734982
JB-AA14,12.99040087,77.96529492,12.99008395,77.99292095,12.96299297,77.99259664,12.96330921,77.9649736
JB-AB14,12.99008395,77.99292095,12.98995566,78.00403128,12.96286496,78.00370577,12.96299297,77.99259664
JB-A15,12.97050473,77.24653846,12.97026458,77.27417826,12.94315784,77.27393217,12.94339747,77.24629537
JB-B15,12.97026458,77.27417826,12.97002151,77.30181749,12.94291528,77.30156842,12.94315784,77.27393217
JB-C15,12.97002151,77.30181749,12.9697755,77.32945615,12.94266981,77.3292041,12.94291528,77.30156842
JB-D15,12.9697755,77.32945615,12.96952656,77.35709424,12.9424214,77.35683921,12.94266981,77.3292041
JB-E15,12.96952656,77.35709424,12.96927469,77.38473176,12.94217008,77.38447374,12.9424214,77.35683921
JB-F15,12.96927469,77.38473176,12.96901989,77.41236868,12.94191583,77.41210768,12.94217008,77.38447374
JB-G15,12.96901989,77.41236868,12.96876216,77.44000501,12.94165866,77.43974103,12.94191583,77.41210768
JB-H15,12.96876216,77.44000501,12.96850151,77.46764075,12.94139857,77.46737378,12.94165866,77.43974103
JB-I15,12.96850151,77.46764075,12.96823792,77.49527587,12.94113555,77.49500592,12.94139857,77.46737378
JB-J15,12.96823792,77.49527587,12.96797141,77.52291038,12.94086961,77.52263745,12.94113555,77.49500592
JB-K15,12.96797141,77.52291038,12.96770197,77.55054428,12.94060076,77.55026836,12.94086961,77.52263745
JB-L15,12.96770197,77.55054428,12.9674296,77.57817754,12.94032897,77.57789865,12.94060076,77.55026836
JB-M15,12.9674296,77.57817754,12.9671543,77.60581017,12.94005427,77.6055283,12.94032897,77.57789865
JB-N15,12.9671543,77.60581017,12.96687608,77.63344216,12.93977665,77.6331573,12.94005427,77.6055283
JB-O15,12.96687608,77.63344216,12.96659493,77.6610735,12.93949611,77.66078567,12.93977665,77.6331573
JB-P15,12.96659493,77.6610735,12.96631085,77.68870419,12.93921265,77.68841337,12.93949611,77.66078567
JB-Q15,12.96631085,77.68870419,12.96602385,77.71633422,12.93892626,77.71604042,12.93921265,77.68841337
JB-R15,12.96602385,77.71633422,12.96573392,77.74396358,12.93863696,77.7436668,12.93892626,77.71604042
JB-S15,12.96573392,77.74396358,12.96544107,77.77159226,12.93834474,77.77129251,12.93863696,77.7436668
JB-T15,12.96544107,77.77159226,12.96514529,77.79922026,12.9380496,77.79891753,12.93834474,77.77129251
JB-U15,12.96514529,77.79922026,12.96484659,77.82684758,12.93775154,77.82654187,12.9380496,77.79891753
JB-V15,12.96484659,77.82684758,12.96454496,77.8544742,12.93745057,77.85416551,12.93775154,77.82654187
JB-W15,12.96454496,77.8544742,12.96424041,77.88210012,12.93714668,77.88178845,12.93745057,77.85416551
JB-X15,12.96424041,77.88210012,12.96393293,77.90972533,12.93683986,77.90941068,12.93714668,77.88178845
JB-Y15,12.96393293,77.90972533,12.96362254,77.93734982,12.93653014,77.9370322,12.93683986,77.90941068
JB-Z15,12.96362254,77.93734982,12.96330921,77.9649736,12.93621749,77.964653,12.93653014,77.9370322
JB-AA15,12.96330921,77.9649736,12.96299297,77.99259664,12.93590193,77.99227307,12.93621749,77.964653
JB-AB15,12.96299297,77.99259664,12.96286496,78.00370577,12.9357742,78.003381,12.93590193,77.99227307
JB-A16,12.94339747,77.24629537,12.94315784,77.27393217,12.91605103,77.27368665,12.91629014,77.24605282
JB-B16,12.94315784,77.27393217,12.94291528,77.30156842,12.915809,77.30131992,12.91605103,77.27368665
JB-C16,12.94291528,77.30156842,12.94266981,77.3292041,12.91556406,77.32895262,12.915809,77.30131992
JB-D16,12.94266981,77.3292041,12.9424214,77.35683921,12.91531619,77.35658475,12.91556406,77.32895262
JB-E16,12.9424214,77.35683921,12.94217008,77.38447374,12.91506541,77.3842163,12.91531619,77.35658475
JB-F16,12.94217008,77.38447374,12.94191583,77.41210768,12.91481171,77.41184727,12.91506541,77.3842163
JB-G16,12.94191583,77.41210768,12.94165866,77.43974103,12.9145551,77.43947764,12.91481171,77.41184727
JB-H16,12.94165866,77.43974103,12.94139857,77.46737378,12.91429557,77.46710742,12.9145551,77.43947764
JB-I16,12.94139857,77.46737378,12.94113555,77.49500592,12.91403312,77.49473659,12.91429557,77.46710742
JB-J16,12.94113555,77.49500592,12.94086961,77.52263745,12.91376776,77.52236514,12.91403312,77.49473659
JB-K16,12.94086961,77.52263745,12.94060076,77.55026836,12.91349948,77.54999308,12.91376776,77.52236514
JB-L16,12.94060076,77.55026836,12.94032897,77.57789865,12.91322829,77.57762039,12.91349948,77.54999308
JB-M16,12.94032897,77.57789865,12.94005427,77.6055283,12.91295418,77.60524706,12.91322829,77.57762039
JB-N16,12.94005427,77.6055283,12.93977665,77.6331573,12.91267716,77.6328731,12.91295418,77.60524706
JB-O16,12.93977665,77.6331573,12.93949611,77.66078567,12.91239723,77.66049848,12.91267716,77.6328731
JB-P16,12.93949611,77.66078567,12.93921265,77.68841337,12.91211438,77.68812322,12.91239723,77.66049848
JB-Q16,12.93921265,77.68841337,12.93892626,77.71604042,12.91182862,77.71574729,12.91211438,77.68812322
JB-R16,12.93892626,77.71604042,12.93863696,77.7436668,12.91153994,77.7433707,12.91182862,77.71574729
JB-S16,12.93863696,77.7436668,12.93834474,77.77129251,12.91124835,77.77099343,12.91153994,77.7433707
JB-T16,12.93834474,77.77129251,12.9380496,77.79891753,12.91095385,77.79861549,12.91124835,77.77099343
JB-U16,12.9380496,77.79891753,12.93775154,77.82654187,12.91065644,77.82623685,12.91095385,77.79861549
JB-V16,12.93775154,77.82654187,12.93745057,77.85416551,12.91035611,77.85385752,12.91065644,77.82623685
JB-W16,12.93745057,77.85416551,12.93714668,77.88178845,12.91005288,77.88147749,12.91035611,77.85385752
JB-X16,12.93714668,77.88178845,12.93683986,77.90941068,12.90974673,77.90909676,12.91005288,77.88147749
JB-Y16,12.93683986,77.90941068,12.93653014,77.9370322,12.90943767,77.9367153,12.90974673,77.90909676
JB-Z16,12.93653014,77.9370322,12.93621749,77.964653,12.9091257,77.96433313,12.90943767,77.9367153
JB-AA16,12.93621749,77.964653,12.93590193,77.99227307,12.90881083,77.99195023,12.9091257,77.96433313
JB-AB16,12.93590193,77.99227307,12.9357742,78.003381,12.90868337,78.00305697,12.90881083,77.99195023
JB-A17,12.91629014,77.24605282,12.91605103,77.27368665,12.88894416,77.27344168,12.88918276,77.24581083
JB-B17,12.91605103,77.27368665,12.915809,77.30131992,12.88870266,77.30107198,12.88894416,77.27344168
JB-C17,12.915809,77.30131992,12.91556406,77.32895262,12.88845824,77.32870171,12.88870266,77.30107198
JB-D17,12.91556406,77.32895262,12.91531619,77.35658475,12.88821092,77.35633088,12.88845824,77.32870171
JB-E17,12.91531619,77.35658475,12.91506541,77.3842163,12.88796068,77.38395946,12.88821092,77.35633088
JB-F17,12.91506541,77.3842163,12.91481171,77.41184727,12.88770753,77.41158745,12.88796068,77.38395946
JB-G17,12.91481171,77.41184727,12.9145551,77.43947764,12.88745147,77.43921486,12.88770753,77.41158745
JB-H17,12.9145551,77.43947764,12.91429557,77.46710742,12.88719251,77.46684166,12.88745147,77.43921486
JB-I17,12.91429557,77.46710742,12.91403312,77.49473659,12.88693063,77.49446786,12.88719251,77.46684166
JB-J17,12.91403312,77.49473659,12.91376776,77.52236514,12.88666584,77.52209345,12.88693063,77.49446786
JB-K17,12.91376776,77.52236514,12.91349948,77.54999308,12.88639815,77.54971842,12.88666584,77.52209345
JB-L17,12.91349948,77.54999308,12.91322829,77.57762039,12.88612754,77.57734276,12.88639815,77.54971842
JB-M17,12.91322829,77.57762039,12.91295418,77.60524706,12.88585403,77.60496647,12.88612754,77.57734276
JB-N17,12.91295418,77.60524706,12.91267716,77.6328731,12.88557761,77.63258953,12.88585403,77.60496647
JB-O17,12.91267716,77.6328731,12.91239723,77.66049848,12.88529828,77.66021196,12.88557761,77.63258953
JB-P17,12.91239723,77.66049848,12.91211438,77.68812322,12.88501605,77.68783372,12.88529828,77.66021196
JB-Q17,12.91211438,77.68812322,12.91182862,77.71574729,12.8847309,77.71545483,12.88501605,77.68783372
JB-R17,12.91182862,77.71574729,12.91153994,77.7433707,12.88444285,77.74307527,12.8847309,77.71545483
JB-S17,12.91153994,77.7433707,12.91124835,77.77099343,12.8841519,77.77069504,12.88444285,77.74307527
JB-T17,12.91124835,77.77099343,12.91095385,77.79861549,12.88385804,77.79831413,12.8841519,77.77069504
JB-U17,12.91095385,77.79861549,12.91065644,77.82623685,12.88356127,77.82593253,12.88385804,77.79831413
JB-V17,12.91065644,77.82623685,12.91035611,77.85385752,12.8832616,77.85355024,12.88356127,77.82593253
JB-W17,12.91035611,77.85385752,12.91005288,77.88147749,12.88295902,77.88116724,12.8832616,77.85355024
JB-X17,12.91005288,77.88147749,12.90974673,77.90909676,12.88265353,77.90878354,12.88295902,77.88116724
JB-Y17,12.90974673,77.90909676,12.90943767,77.9367153,12.88234515,77.93639913,12.88265353,77.90878354
JB-Z17,12.90943767,77.9367153,12.9091257,77.96433313,12.88203385,77.96401399,12.88234515,77.93639913
JB-AA17,12.9091257,77.96433313,12.90881083,77.99195023,12.88171966,77.99162813,12.88203385,77.96401399
JB-AB17,12.90881083,77.99195023,12.90868337,78.00305697,12.88159248,78.00273368,12.88171966,77.99162813
JB-A18,12.88918276,77.24581083,12.88894416,77.27344168,12.86183723,77.27319728,12.86207531,77.24556938
JB-B18,12.88894416,77.27344168,12.88870266,77.30107198,12.86159626,77.30082461,12.86183723,77.27319728
JB-C18,12.88870266,77.30107198,12.88845824,77.32870171,12.86135237,77.32845138,12.86159626,77.30082461
JB-D18,12.88845824,77.32870171,12.88821092,77.35633088,12.86110558,77.35607758,12.86135237,77.32845138
JB-E18,12.88821092,77.35633088,12.88796068,77.38395946,12.86085589,77.3837032,12.86110558,77.35607758
JB-F18,12.88796068,77.38395946,12.88770753,77.41158745,12.86060329,77.41132823,12.86085589,77.3837032
JB-G18,12.88770753,77.41158745,12.88745147,77.43921486,12.86034779,77.43895267,12.86060329,77.41132823
JB-H18,12.88745147,77.43921486,12.88719251,77.46684166,12.86008938,77.46657652,12.86034779,77.43895267
JB-I18,12.88719251,77.46684166,12.88693063,77.49446786,12.85982808,77.49419975,12.86008938,77.46657652
JB-J18,12.88693063,77.49446786,12.88666584,77.52209345,12.85956386,77.52182238,12.85982808,77.49419975
JB-K18,12.88666584,77.52209345,12.88639815,77.54971842,12.85929675,77.54944438,12.85956386,77.52182238
JB-L18,12.88639815,77.54971842,12.88612754,77.57734276,12.85902673,77.57706576,12.85929675,77.54944438
JB-M18,12.88612754,77.57734276,12.88585403,77.60496647,12.85875382,77.60468651,12.85902673,77.57706576
JB-N18,12.88585403,77.60496647,12.88557761,77.63258953,12.858478,77.63230662,12.85875382,77.60468651
JB-O18,12.88557761,77.63258953,12.88529828,77.66021196,12.85819928,77.65992608,12.858478,77.63230662
JB-P18,12.88529828,77.66021196,12.88501605,77.68783372,12.85791765,77.68754489,12.85819928,77.65992608
JB-Q18,12.88501605,77.68783372,12.8847309,77.71545483,12.85763313,77.71516304,12.85791765,77.68754489
JB-R18,12.8847309,77.71545483,12.88444285,77.74307527,12.85734571,77.74278052,12.85763313,77.71516304
JB-S18,12.88444285,77.74307527,12.8841519,77.77069504,12.85705538,77.77039733,12.85734571,77.74278052
JB-T18,12.8841519,77.77069504,12.88385804,77.79831413,12.85676216,77.79801346,12.85705538,77.77039733
JB-U18,12.88385804,77.79831413,12.88356127,77.82593253,12.85646604,77.8256289,12.85676216,77.79801346
JB-V18,12.88356127,77.82593253,12.8832616,77.85355024,12.85616701,77.85324365,12.85646604,77.8256289
JB-W18,12.8832616,77.85355024,12.88295902,77.88116724,12.85586509,77.8808577,12.85616701,77.85324365
JB-X18,12.88295902,77.88116724,12.88265353,77.90878354,12.85556027,77.90847104,12.85586509,77.8808577
JB-Y18,12.88265353,77.90878354,12.88234515,77.93639913,12.85525256,77.93608367,12.85556027,77.90847104
JB-Z18,12.88234515,77.93639913,12.88203385,77.96401399,12.85494194,77.96369558,12.85525256,77.93608367
JB-AA18,12.88203385,77.96401399,12.88171966,77.99162813,12.85462843,77.99130676,12.85494194,77.96369558
JB-AB18,12.88171966,77.99162813,12.88159248,78.00273368,12.85450152,78.00241112,12.85462843,77.99130676
JB-A19,12.86207531,77.24556938,12.86183723,77.27319728,12.83473025,77.27295343,12.8349678,77.24532849
JB-B19,12.86183723,77.27319728,12.86159626,77.30082461,12.83448979,77.3005778,12.83473025,77.27295343
JB-C19,12.86159626,77.30082461,12.86135237,77.32845138,12.83424644,77.32820162,12.83448979,77.3005778
JB-D19,12.86135237,77.32845138,12.86110558,77.35607758,12.83400019,77.35582486,12.83424644,77.32820162
JB-E19,12.86110558,77.35607758,12.86085589,77.3837032,12.83375104,77.38344752,12.83400019,77.35582486
JB-F19,12.86085589,77.3837032,12.86060329,77.41132823,12.83349899,77.4110696,12.83375104,77.38344752
JB-G19,12.86060329,77.41132823,12.86034779,77.43895267,12.83324404,77.43869108,12.83349899,77.4110696
JB-H19,12.86034779,77.43895267,12.86008938,77.46657652,12.8329862,77.46631197,12.83324404,77.43869108
JB-I19,12.86008938,77.46657652,12.85982808,77.49419975,12.83272546,77.49393225,12.8329862,77.46631197
JB-J19,12.85982808,77.49419975,12.85956386,77.52182238,12.83246183,77.52155192,12.83272546,77.49393225
JB-K19,12.85956386,77.52182238,12.85929675,77.54944438,12.83219529,77.54917098,12.83246183,77.52155192
JB-L19,12.85929675,77.54944438,12.85902673,77.57706576,12.83192586,77.5767894,12.83219529,77.54917098
JB-M19,12.85902673,77.57706576,12.85875382,77.60468651,12.83165354,77.60440719,12.83192586,77.5767894
JB-N19,12.85875382,77.60468651,12.858478,77.63230662,12.83137832,77.63202435,12.83165354,77.60440719
JB-O19,12.858478,77.63230662,12.85819928,77.65992608,12.83110021,77.65964086,12.83137832,77.63202435
JB-P19,12.85819928,77.65992608,12.85791765,77.68754489,12.8308192,77.68725671,12.83110021,77.65964086
JB-Q19,12.85791765,77.68754489,12.85763313,77.71516304,12.83053529,77.71487191,12.8308192,77.68725671
JB-R19,12.85763313,77.71516304,12.85734571,77.74278052,12.8302485,77.74248644,12.83053529,77.71487191
JB-S19,12.85734571,77.74278052,12.85705538,77.77039733,12.8299588,77.7701003,12.8302485,77.74248644
JB-T19,12.85705538,77.77039733,12.85676216,77.79801346,12.82966622,77.79771347,12.8299588,77.7701003
JB-U19,12.85676216,77.79801346,12.85646604,77.8256289,12.82937074,77.82532597,12.82966622,77.79771347
JB-V19,12.85646604,77.8256289,12.85616701,77.85324365,12.82907237,77.85293776,12.82937074,77.82532597
JB-W19,12.85616701,77.85324365,12.85586509,77.8808577,12.82877111,77.88054886,12.82907237,77.85293776
JB-X19,12.85586509,77.8808577,12.85556027,77.90847104,12.82846695,77.90815925,12.82877111,77.88054886
JB-Y19,12.85556027,77.90847104,12.85525256,77.93608367,12.8281599,77.93576893,12.82846695,77.90815925
JB-Z19,12.85525256,77.93608367,12.85494194,77.96369558,12.82784996,77.96337789,12.8281599,77.93576893
JB-AA19,12.85494194,77.96369558,12.85462843,77.99130676,12.82753713,77.99098612,12.82784996,77.96337789
JB-AB19,12.85462843,77.99130676,12.85450152,78.00241112,12.8274105,78.0020893,12.82753713,77.99098612
JB-A20,12.8349678,77.24532849,12.83473025,77.27295343,12.8076232,77.27271014,12.80786023,77.24508815
JB-B20,12.83473025,77.27295343,12.83448979,77.3005778,12.80738327,77.30033156,12.8076232,77.27271014
JB-C20,12.83448979,77.3005778,12.83424644,77.32820162,12.80714044,77.32795243,12.80738327,77.30033156
JB-D20,12.83424644,77.32820162,12.83400019,77.35582486,12.80689473,77.35557272,12.80714044,77.32795243
JB-E20,12.83400019,77.35582486,12.83375104,77.38344752,12.80664612,77.38319243,12.80689473,77.35557272
JB-F20,12.83375104,77.38344752,12.83349899,77.4110696,12.80639462,77.41081156,12.80664612,77.38319243
JB-G20,12.83349899,77.4110696,12.83324404,77.43869108,12.80614024,77.4384301,12.80639462,77.41081156
JB-H20,12.83324404,77.43869108,12.8329862,77.46631197,12.80588296,77.46604803,12.80614024,77.4384301
JB-I20,12.8329862,77.46631197,12.83272546,77.49393225,12.80562279,77.49366537,12.80588296,77.46604803
JB-J20,12.83272546,77.49393225,12.83246183,77.52155192,12.80535972,77.52128209,12.80562279,77.49366537
JB-K20,12.83246183,77.52155192,12.83219529,77.54917098,12.80509377,77.54889819,12.80535972,77.52128209
JB-L20,12.83219529,77.54917098,12.83192586,77.5767894,12.80482493,77.57651367,12.80509377,77.54889819
JB-M20,12.83192586,77.5767894,12.83165354,77.60440719,12.8045532,77.60412852,12.80482493,77.57651367
JB-N20,12.83165354,77.60440719,12.83137832,77.63202435,12.80427858,77.63174272,12.8045532,77.60412852
JB-O20,12.83137832,77.63202435,12.83110021,77.65964086,12.80400108,77.65935629,12.80427858,77.63174272
JB-P20,12.83110021,77.65964086,12.8308192,77.68725671,12.80372068,77.6869692,12.80400108,77.65935629
JB-Q20,12.8308192,77.68725671,12.83053529,77.71487191,12.80343739,77.71458145,12.80372068,77.6869692
JB-R20,12.83053529,77.71487191,12.8302485,77.74248644,12.80315122,77.74219303,12.80343739,77.71458145
JB-S20,12.8302485,77.74248644,12.8299588,77.7701003,12.80286216,77.76980394,12.80315122,77.74219303
JB-T20,12.8299588,77.7701003,12.82966622,77.79771347,12.80257022,77.79741418,12.80286216,77.76980394
JB-U20,12.82966622,77.79771347,12.82937074,77.82532597,12.80227538,77.82502372,12.80257022,77.79741418
JB-V20,12.82937074,77.82532597,12.82907237,77.85293776,12.80197766,77.85263258,12.80227538,77.82502372
JB-W20,12.82907237,77.85293776,12.82877111,77.88054886,12.80167705,77.88024073,12.80197766,77.85263258
JB-X20,12.82877111,77.88054886,12.82846695,77.90815925,12.80137356,77.90784818,12.80167705,77.88024073
JB-Y20,12.82846695,77.90815925,12.8281599,77.93576893,12.80106718,77.93545492,12.80137356,77.90784818
JB-Z20,12.8281599,77.93576893,12.82784996,77.96337789,12.80075792,77.96306093,12.80106718,77.93545492
JB-AA20,12.82784996,77.96337789,12.82753713,77.99098612,12.80044577,77.99066622,12.80075792,77.96306093
JB-AB20,12.82753713,77.99098612,12.8274105,78.0020893,12.80031942,78.00176822,12.80044577,77.99066622
JB-A21,12.80786023,77.24508815,12.8076232,77.27271014,12.78051609,77.2724674,12.78075261,77.24484836
JB-B21,12.8076232,77.27271014,12.80738327,77.30033156,12.78027668,77.30008589,12.78051609,77.2724674
JB-C21,12.80738327,77.30033156,12.80714044,77.32795243,12.78003439,77.32770381,12.78027668,77.30008589
JB-D21,12.80714044,77.32795243,12.80689473,77.35557272,12.77978921,77.35532115,12.78003439,77.32770381
JB-E21,12.80689473,77.35557272,12.80664612,77.38319243,12.77954115,77.38293792,12.77978921,77.35532115
JB-F21,12.80664612,77.38319243,12.80639462,77.41081156,12.7792902,77.41055411,12.77954115,77.38293792
JB-G21,12.80639462,77.41081156,12.80614024,77.4384301,12.77903637,77.4381697,12.7792902,77.41055411
JB-H21,12.80614024,77.4384301,12.80588296,77.46604803,12.77877965,77.4657847,12.77903637,77.4381697
JB-I21,12.80588296,77.46604803,12.80562279,77.49366537,12.77852005,77.49339909,12.77877965,77.4657847
JB-J21,12.80562279,77.49366537,12.80535972,77.52128209,12.77825756,77.52101287,12.77852005,77.49339909
JB-K21,12.80535972,77.52128209,12.80509377,77.54889819,12.77799219,77.54862604,12.77825756,77.52101287
JB-L21,12.80509377,77.54889819,12.80482493,77.57651367,12.77772394,77.57623857,12.77799219,77.54862604
JB-M21,12.80482493,77.57651367,12.8045532,77.60412852,12.7774528,77.60385048,12.77772394,77.57623857
JB-N21,12.8045532,77.60412852,12.80427858,77.63174272,12.77717878,77.63146175,12.7774528,77.60385048
JB-O21,12.80427858,77.63174272,12.80400108,77.65935629,12.77690188,77.65907237,12.77717878,77.63146175
JB-P21,12.80400108,77.65935629,12.80372068,77.6869692,12.7766221,77.68668234,12.77690188,77.65907237
JB-Q21,12.80372068,77.6869692,12.80343739,77.71458145,12.77633943,77.71429165,12.7766221,77.68668234
JB-R21,12.80343739,77.71458145,12.80315122,77.74219303,12.77605389,77.7419003,12.77633943,77.71429165
JB-S21,12.80315122,77.74219303,12.80286216,77.76980394,12.77576546,77.76950827,12.77605389,77.7419003
JB-T21,12.80286216,77.76980394,12.80257022,77.79741418,12.77547415,77.79711557,12.77576546,77.76950827
JB-U21,12.80257022,77.79741418,12.80227538,77.82502372,12.77517996,77.82472217,12.77547415,77.79711557
JB-V21,12.80227538,77.82502372,12.80197766,77.85263258,12.77488289,77.85232809,12.77517996,77.82472217
JB-W21,12.80197766,77.85263258,12.80167705,77.88024073,12.77458294,77.87993331,12.77488289,77.85232809
JB-X21,12.80167705,77.88024073,12.80137356,77.90784818,12.77428011,77.90753782,12.77458294,77.87993331
JB-Y21,12.80137356,77.90784818,12.80106718,77.93545492,12.7739744,77.93514162,12.77428011,77.90753782
JB-Z21,12.80106718,77.93545492,12.80075792,77.96306093,12.77366582,77.9627447,12.7739744,77.93514162
JB-AA21,12.80075792,77.96306093,12.80044577,77.99066622,12.77335435,77.99034706,12.77366582,77.9627447
JB-AB21,12.80044577,77.99066622,12.80031942,78.00176822,12.77322828,78.00144787,12.77335435,77.99034706
JB-A22,12.78075261,77.24484836,12.78051609,77.2724674,12.75340892,77.27222523,12.75364492,77.24460913
JB-B22,12.78051609,77.2724674,12.78027668,77.30008589,12.75317004,77.29984077,12.75340892,77.27222523
JB-C22,12.78027668,77.30008589,12.78003439,77.32770381,12.75292827,77.32745576,12.75317004,77.29984077
JB-D22,12.78003439,77.32770381,12.77978921,77.35532115,12.75268363,77.35507017,12.75292827,77.32745576
JB-E22,12.77978921,77.35532115,12.77954115,77.38293792,12.75243611,77.382684,12.75268363,77.35507017
JB-F22,12.77954115,77.38293792,12.7792902,77.41055411,12.75218572,77.41029725,12.75243611,77.382684
JB-G22,12.7792902,77.41055411,12.77903637,77.4381697,12.75193244,77.43790991,12.75218572,77.41029725
JB-H22,12.77903637,77.4381697,12.77877965,77.4657847,12.75167628,77.46552197,12.75193244,77.43790991
JB-I22,12.77877965,77.4657847,12.77852005,77.49339909,12.75141725,77.49313343,12.75167628,77.46552197
JB-J22,12.77852005,77.49339909,12.77825756,77.52101287,12.75115534,77.52074428,12.75141725,77.49313343
JB-K22,12.77825756,77.52101287,12.77799219,77.54862604,12.75089055,77.5483545,12.75115534,77.52074428
JB-L22,12.77799219,77.54862604,12.77772394,77.57623857,12.75062288,77.57596411,12.75089055,77.5483545
JB-M22,12.77772394,77.57623857,12.7774528,77.60385048,12.75035234,77.60357308,12.75062288,77.57596411
JB-N22,12.7774528,77.60385048,12.77717878,77.63146175,12.75007892,77.63118141,12.75035234,77.60357308
JB-O22,12.77717878,77.63146175,12.77690188,77.65907237,12.74980263,77.6587891,12.75007892,77.63118141
JB-P22,12.77690188,77.65907237,12.7766221,77.68668234,12.74952346,77.68639614,12.74980263,77.6587891
JB-Q22,12.7766221,77.68668234,12.77633943,77.71429165,12.74924141,77.71400252,12.74952346,77.68639614
JB-R22,12.77633943,77.71429165,12.77605389,77.7419003,12.74895649,77.74160823,12.74924141,77.71400252
JB-S22,12.77605389,77.7419003,12.77576546,77.76950827,12.74866869,77.76921328,12.74895649,77.74160823
JB-T22,12.77576546,77.76950827,12.77547415,77.79711557,12.74837802,77.79681764,12.74866869,77.76921328
JB-U22,12.77547415,77.79711557,12.77517996,77.82472217,12.74808448,77.82442132,12.74837802,77.79681764
JB-V22,12.77517996,77.82472217,12.77488289,77.85232809,12.74778806,77.8520243,12.74808448,77.82442132
JB-W22,12.77488289,77.85232809,12.77458294,77.87993331,12.74748877,77.87962659,12.74778806,77.8520243
JB-X22,12.77458294,77.87993331,12.77428011,77.90753782,12.7471866,77.90722817,12.74748877,77.87962659
JB-Y22,12.77428011,77.90753782,12.7739744,77.93514162,12.74688156,77.93482904,12.7471866,77.90722817
JB-Z22,12.7739744,77.93514162,12.77366582,77.9627447,12.74657365,77.96242919,12.74688156,77.93482904
JB-AA22,12.77366582,77.9627447,12.77335435,77.99034706,12.74626287,77.99002862,12.74657365,77.96242919
JB-AB22,12.77335435,77.99034706,12.77322828,78.00144787,12.74613707,78.00112826,12.74626287,77.99002862
JB-A23,12.75364492,77.24460913,12.75340892,77.27222523,12.72630169,77.27198361,12.72653717,77.24437044
JB-B23,12.75340892,77.27222523,12.75317004,77.29984077,12.72606333,77.29959623,12.72630169,77.27198361
JB-C23,12.75317004,77.29984077,12.75292827,77.32745576,12.7258221,77.32720828,12.72606333,77.29959623
JB-D23,12.75292827,77.32745576,12.75268363,77.35507017,12.725578,77.35481976,12.7258221,77.32720828
JB-E23,12.75268363,77.35507017,12.75243611,77.382684,12.72533102,77.38243066,12.725578,77.35481976
JB-F23,12.75243611,77.382684,12.75218572,77.41029725,12.72508117,77.41004099,12.72533102,77.38243066
JB-G23,12.75218572,77.41029725,12.75193244,77.43790991,12.72482845,77.43765072,12.72508117,77.41004099
JB-H23,12.75193244,77.43790991,12.75167628,77.46552197,12.72457286,77.46525985,12.72482845,77.43765072
JB-I23,12.75167628,77.46552197,12.75141725,77.49313343,12.72431439,77.49286838,12.72457286,77.46525985
JB-J23,12.75141725,77.49313343,12.75115534,77.52074428,12.72405305,77.5204763,12.72431439,77.49286838
JB-K23,12.75115534,77.52074428,12.75089055,77.5483545,12.72378885,77.5480836,12.72405305,77.5204763
JB-L23,12.75089055,77.5483545,12.75062288,77.57596411,12.72352177,77.57569027,12.72378885,77.5480836
JB-M23,12.75062288,77.57596411,12.75035234,77.60357308,12.72325182,77.60329632,12.72352177,77.57569027
JB-N23,12.75035234,77.60357308,12.75007892,77.63118141,12.722979,77.63090173,12.72325182,77.60329632
JB-O23,12.75007892,77.63118141,12.74980263,77.6587891,12.72270331,77.65850649,12.722979,77.63090173
JB-P23,12.74980263,77.6587891,12.74952346,77.68639614,12.72242475,77.6861106,12.72270331,77.65850649
JB-Q23,12.74952346,77.68639614,12.74924141,77.71400252,12.72214333,77.71371405,12.72242475,77.6861106
JB-R23,12.74924141,77.71400252,12.74895649,77.74160823,12.72185903,77.74131684,12.72214333,77.71371405
JB-S23,12.74895649,77.74160823,12.74866869,77.76921328,12.72157187,77.76891896,12.72185903,77.74131684
JB-T23,12.74866869,77.76921328,12.74837802,77.79681764,12.72128183,77.7965204,12.72157187,77.76891896
JB-U23,12.74837802,77.79681764,12.74808448,77.82442132,12.72098893,77.82412115,12.72128183,77.7965204
JB-V23,12.74808448,77.82442132,12.74778806,77.8520243,12.72069316,77.85172122,12.72098893,77.82412115
JB-W23,12.74778806,77.8520243,12.74748877,77.87962659,12.72039453,77.87932058,12.72069316,77.85172122
JB-X23,12.74748877,77.87962659,12.7471866,77.90722817,12.72009302,77.90691924,12.72039453,77.87932058
JB-Y23,12.7471866,77.90722817,12.74688156,77.93482904,12.71978865,77.93451719,12.72009302,77.90691924
JB-Z23,12.74688156,77.93482904,12.74657365,77.96242919,12.71948142,77.96211441,12.71978865,77.93451719
JB-AA23,12.74657365,77.96242919,12.74626287,77.99002862,12.71917132,77.98971092,12.71948142,77.96211441
JB-AB23,12.74626287,77.99002862,12.74613707,78.00112826,12.71904579,78.00080938,12.71917132,77.98971092
JB-A24,12.72653717,77.24437044,12.72630169,77.27198361,12.6991944,77.27174255,12.69942936,77.2441323
JB-B24,12.72630169,77.27198361,12.72606333,77.29959623,12.69895657,77.29935224,12.6991944,77.27174255
JB-C24,12.72606333,77.29959623,12.7258221,77.32720828,12.69871586,77.32696137,12.69895657,77.29935224
JB-D24,12.7258221,77.32720828,12.725578,77.35481976,12.6984723,77.35456993,12.69871586,77.32696137
JB-E24,12.725578,77.35481976,12.72533102,77.38243066,12.69822586,77.38217791,12.6984723,77.35456993
JB-F24,12.72533102,77.38243066,12.72508117,77.41004099,12.69797656,77.40978531,12.69822586,77.38217791
JB-G24,12.72508117,77.41004099,12.72482845,77.43765072,12.6977244,77.43739212,12.69797656,77.40978531
JB-H24,12.72482845,77.43765072,12.72457286,77.46525985,12.69746937,77.46499833,12.6977244,77.43739212
JB-I24,12.72457286,77.46525985,12.72431439,77.49286838,12.69721147,77.49260394,12.69746937,77.46499833
JB-J24,12.72431439,77.49286838,12.72405305,77.5204763,12.69695071,77.52020893,12.69721147,77.49260394
JB-K24,12.72405305,77.5204763,12.72378885,77.5480836,12.69668708,77.54781331,12.69695071,77.52020893
JB-L24,12.72378885,77.5480836,12.72352177,77.57569027,12.69642059,77.57541707,12.69668708,77.54781331
JB-M24,12.72352177,77.57569027,12.72325182,77.60329632,12.69615124,77.60302019,12.69642059,77.57541707
JB-N24,12.72325182,77.60329632,12.722979,77.63090173,12.69587902,77.63062268,12.69615124,77.60302019
JB-O24,12.722979,77.63090173,12.72270331,77.65850649,12.69560393,77.65822453,12.69587902,77.63062268
JB-P24,12.72270331,77.65850649,12.72242475,77.6861106,12.69532599,77.68582572,12.69560393,77.65822453
JB-Q24,12.72242475,77.6861106,12.72214333,77.71371405,12.69504518,77.71342625,12.69532599,77.68582572
JB-R24,12.72214333,77.71371405,12.72185903,77.74131684,12.69476151,77.74102612,12.69504518,77.71342625
JB-S24,12.72185903,77.74131684,12.72157187,77.76891896,12.69447498,77.76862532,12.69476151,77.74102612
JB-T24,12.72157187,77.76891896,12.72128183,77.7965204,12.69418558,77.79622384,12.69447498,77.76862532
JB-U24,12.72128183,77.7965204,12.72098893,77.82412115,12.69389332,77.82382168,12.69418558,77.79622384
JB-V24,12.72098893,77.82412115,12.72069316,77.85172122,12.6935982,77.85141883,12.69389332,77.82382168
JB-W24,12.72069316,77.85172122,12.72039453,77.87932058,12.69330023,77.87901527,12.6935982,77.85141883
JB-X24,12.72039453,77.87932058,12.72009302,77.90691924,12.69299939,77.90661102,12.69330023,77.87901527
JB-Y24,12.72009302,77.90691924,12.71978865,77.93451719,12.69269569,77.93420605,12.69299939,77.90661102
JB-Z24,12.71978865,77.93451719,12.71948142,77.96211441,12.69238913,77.96180036,12.69269569,77.93420605
JB-AA24,12.71948142,77.96211441,12.71917132,77.98971092,12.69207971,77.98939395,12.69238913,77.96180036
JB-AB24,12.71917132,77.98971092,12.71904579,78.00080938,12.69195446,78.00049123,12.69207971,77.98939395
JB-A25,12.69942936,77.2441323,12.6991944,77.27174255,12.67208705,77.27150204,12.6723215,77.24389471
JB-B25,12.6991944,77.27174255,12.69895657,77.29935224,12.67184974,77.29910882,12.67208705,77.27150204
JB-C25,12.69895657,77.29935224,12.69871586,77.32696137,12.67160957,77.32671503,12.67184974,77.29910882
JB-D25,12.69871586,77.32696137,12.6984723,77.35456993,12.67136654,77.35432067,12.67160957,77.32671503
JB-E25,12.6984723,77.35456993,12.69822586,77.38217791,12.67112065,77.38192574,12.67136654,77.35432067
JB-F25,12.69822586,77.38217791,12.69797656,77.40978531,12.6708719,77.40953022,12.67112065,77.38192574
JB-G25,12.69797656,77.40978531,12.6977244,77.43739212,12.67062029,77.43713412,12.6708719,77.40953022
JB-H25,12.6977244,77.43739212,12.69746937,77.46499833,12.67036582,77.46473741,12.67062029,77.43713412
JB-I25,12.69746937,77.46499833,12.69721147,77.49260394,12.67010849,77.49234011,12.67036582,77.46473741
JB-J25,12.69721147,77.49260394,12.69695071,77.52020893,12.6698483,77.51994219,12.67010849,77.49234011
JB-K25,12.69695071,77.52020893,12.69668708,77.54781331,12.66958526,77.54754365,12.6698483,77.51994219
JB-L25,12.69668708,77.54781331,12.69642059,77.57541707,12.66931935,77.5751445,12.66958526,77.54754365
JB-M25,12.69642059,77.57541707,12.69615124,77.60302019,12.66905059,77.60274471,12.66931935,77.5751445
JB-N25,12.69615124,77.60302019,12.69587902,77.63062268,12.66877897,77.63034428,12.66905059,77.60274471
JB-O25,12.69587902,77.63062268,12.69560393,77.65822453,12.6685045,77.65794321,12.66877897,77.63034428
JB-P25,12.69560393,77.65822453,12.69532599,77.68582572,12.66822716,77.68554149,12.6685045,77.65794321
JB-Q25,12.69532599,77.68582572,12.69504518,77.71342625,12.66794697,77.71313912,12.66822716,77.68554149
JB-R25,12.69504518,77.71342625,12.69476151,77.74102612,12.66766393,77.74073607,12.66794697,77.71313912
JB-S25,12.69476151,77.74102612,12.69447498,77.76862532,12.66737802,77.76833236,12.66766393,77.74073607
JB-T25,12.69447498,77.76862532,12.69418558,77.79622384,12.66708927,77.79592797,12.66737802,77.76833236
JB-U25,12.69418558,77.79622384,12.69389332,77.82382168,12.66679765,77.8235229,12.66708927,77.79592797
JB-V25,12.69389332,77.82382168,12.6935982,77.85141883,12.66650318,77.85111713,12.66679765,77.8235229
JB-W25,12.6935982,77.85141883,12.69330023,77.87901527,12.66620586,77.87871067,12.66650318,77.85111713
JB-X25,12.69330023,77.87901527,12.69299939,77.90661102,12.66590568,77.9063035,12.66620586,77.87871067
JB-Y25,12.69299939,77.90661102,12.69269569,77.93420605,12.66560265,77.93389563,12.66590568,77.9063035
JB-Z25,12.69269569,77.93420605,12.69238913,77.96180036,12.66529677,77.96148703,12.66560265,77.93389563
JB-AA25,12.69238913,77.96180036,12.69207971,77.98939395,12.66498803,77.98907771,12.66529677,77.96148703
JB-AB25,12.69207971,77.98939395,12.69195446,78.00049123,12.66486306,78.00017383,12.66498803,77.98907771
JB-A26,12.6723215,77.24389471,12.67208705,77.27150204,12.65721524,77.27137033,12.6574494,77.2437646
JB-B26,12.67208705,77.27150204,12.67184974,77.29910882,12.65697822,77.29897551,12.65721524,77.27137033
JB-C26,12.67184974,77.29910882,12.67160957,77.32671503,12.65673834,77.32658013,12.65697822,77.29897551
JB-D26,12.67160957,77.32671503,12.67136654,77.35432067,12.6564956,77.35418417,12.65673834,77.32658013
JB-E26,12.67136654,77.35432067,12.67112065,77.38192574,12.65625001,77.38178764,12.6564956,77.35418417
JB-F26,12.67112065,77.38192574,12.6708719,77.40953022,12.65600156,77.40939053,12.65625001,77.38178764
JB-G26,12.6708719,77.40953022,12.67062029,77.43713412,12.65575026,77.43699282,12.65600156,77.40939053
JB-H26,12.67062029,77.43713412,12.67036582,77.46473741,12.65549609,77.46459452,12.65575026,77.43699282
JB-I26,12.67036582,77.46473741,12.67010849,77.49234011,12.65523908,77.49219562,12.65549609,77.46459452
JB-J26,12.67010849,77.49234011,12.6698483,77.51994219,12.65497921,77.51979611,12.65523908,77.49219562
JB-K26,12.6698483,77.51994219,12.66958526,77.54754365,12.65471648,77.54739598,12.65497921,77.51979611
JB-L26,12.66958526,77.54754365,12.66931935,77.5751445,12.6544509,77.57499522,12.65471648,77.54739598
JB-M26,12.66931935,77.5751445,12.66905059,77.60274471,12.65418246,77.60259384,12.6544509,77.57499522
JB-N26,12.66905059,77.60274471,12.66877897,77.63034428,12.65391117,77.63019182,12.65418246,77.60259384
JB-O26,12.66877897,77.63034428,12.6685045,77.65794321,12.65363703,77.65778915,12.65391117,77.63019182
JB-P26,12.6685045,77.65794321,12.66822716,77.68554149,12.65336003,77.68538584,12.65363703,77.65778915
JB-Q26,12.66822716,77.68554149,12.66794697,77.71313912,12.65308018,77.71298187,12.65336003,77.68538584
JB-R26,12.66794697,77.71313912,12.66766393,77.74073607,12.65279747,77.74057723,12.65308018,77.71298187
JB-S26,12.66766393,77.74073607,12.66737802,77.76833236,12.65251192,77.76817192,12.65279747,77.74057723
JB-T26,12.66737802,77.76833236,12.66708927,77.79592797,12.65222351,77.79576594,12.65251192,77.76817192
JB-U26,12.66708927,77.79592797,12.66679765,77.8235229,12.65193225,77.82335927,12.65222351,77.79576594
JB-V26,12.66679765,77.8235229,12.66650318,77.85111713,12.65163814,77.85095191,12.65193225,77.82335927
JB-W26,12.66650318,77.85111713,12.66620586,77.87871067,12.65134118,77.87854386,12.65163814,77.85095191
JB-X26,12.66620586,77.87871067,12.66590568,77.9063035,12.65104136,77.9061351,12.65134118,77.87854386
JB-Y26,12.66590568,77.9063035,12.66560265,77.93389563,12.6507387,77.93372563,12.65104136,77.9061351
JB-Z26,12.66560265,77.93389563,12.66529677,77.96148703,12.65043318,77.96131544,12.6507387,77.93372563
JB-AA26,12.66529677,77.96148703,12.66498803,77.98907771,12.65012482,77.98890452,12.65043318,77.96131544
JB-AB26,12.66498803,77.98907771,12.66486306,78.00017383,12.65,78,12.65012482,77.98890452